"file","profile","kind","oldPermit","newPermit","normalizedPermit","databaseStatus","note"
"dungdm_20260729_172132_email_007__SPA070__REV1_LD-2702_S26_04AUG-07AUG_ND.docx","spa070-vietnamese-landing-revision","REVISION","LD-2788/07/2026VN /REV1","LD-8001/07/2026VN /REV1","LD-8001/07/2026","NOT_FOUND_IN_ATFM_2026","Cần tạo permit gốc trước; gửi ngay sẽ lỗi BR-REVISION-BASE-NOT-FOUND"
"haanh6889_20260803_132349_email_000_LD-2785_CXR-EO-AUG2026__REV2_ (1).doc","kar-english-landing-revision","REVISION","LD-2785/07/2026VN/REV2","LD-8002/07/2026VN/REV2","PENDING_WORD_COM","NOT_FOUND_IN_ATFM_2026","Cần tạo permit gốc trước; gửi ngay sẽ lỗi BR-REVISION-BASE-NOT-FOUND"
"haanh6889_20260803_132349_email_000_LD-2785_CXR-EO-AUG2026__REV2_.doc","kar-english-landing-revision","REVISION","LD-2785/07/2026VN/REV2","LD-8003/07/2026VN/REV2","PENDING_WORD_COM","NOT_FOUND_IN_ATFM_2026","Cần tạo permit gốc trước; gửi ngay sẽ lỗi BR-REVISION-BASE-NOT-FOUND"
"haanhlv_20260803_153158_email_001_LD-03.B.S.2026VN.REV5.docx","eth-english-landing-revision","REVISION","LD-03/B/S/2026VN","LD-8004/B/S/2026VN","LD 8004B/S/CHK/2026","NOT_FOUND_IN_ATFM_2026","Cần tạo permit gốc trước; gửi ngay sẽ lỗi BR-REVISION-BASE-NOT-FOUND"
"LD  2501 IGO.docx","igo-english-landing-issued","ISSUED","LD- 9001/7/2026VN","LD- 8005/7/2026VN","LD 08005/S/CHK/2026","NOT_FOUND_IN_ATFM_2026","Có thể gửi thử như permit mới"
"LD  2655 (REV1).docx","prv-ollie-landing-revision","REVISION","LD-2655/07/2026VN","LD-8006/07/2026VN","LD 08006/S/CHK/2026","NOT_FOUND_IN_ATFM_2026","Cần tạo permit gốc trước; gửi ngay sẽ lỗi BR-REVISION-BASE-NOT-FOUND"
"LD  2814 VSV.docx","vsv-english-landing-issued","ISSUED","LD- 2814/7/2026VN","LD- 8007/7/2026VN","LD 08007/S/CHK/2026","NOT_FOUND_IN_ATFM_2026","Có thể gửi thử như permit mới"
"LD  2815 VSV.docx","vsv-english-landing-issued","ISSUED","LD- 2815/7/2026VN","LD- 8008/7/2026VN","LD 08008/S/CHK/2026","NOT_FOUND_IN_ATFM_2026","Có thể gửi thử như permit mới"
"LD 2353 HAI rev2.docx","hai-english-landing-revision","REVISION","LD-9002/07/2026VN","LD-8009/07/2026VN","LD 08009/S/CHK/2026","NOT_FOUND_IN_ATFM_2026","Cần tạo permit gốc trước; gửi ngay sẽ lỗi BR-REVISION-BASE-NOT-FOUND"
"LD 2473 KYE REV1.docx","kye-english-landing-revision","REVISION","LD-9003/07/2026VN","LD-8010/07/2026VN","LD 08010/S/CHK/2026","NOT_FOUND_IN_ATFM_2026","Cần tạo permit gốc trước; gửi ngay sẽ lỗi BR-REVISION-BASE-NOT-FOUND"
"LD 2473 KYE.doc","kye-english-landing-issued","ISSUED","LD-9004/07/2026VN","LD-8011/07/2026VN","PENDING_WORD_COM","NOT_FOUND_IN_ATFM_2026","Có thể gửi thử như permit mới"
"LD 2475 GTI (REV1).docx","gti-english-landing-revision","REVISION","LD-9005/07/2026VN","LD-8012/07/2026VN","LD 08012/S/CHK/2026","NOT_FOUND_IN_ATFM_2026","Cần tạo permit gốc trước; gửi ngay sẽ lỗi BR-REVISION-BASE-NOT-FOUND"
"LD 2486  N77999 (REV1).docx","prv-jet-aviation-landing-revision","REVISION","LD-9006/06/2026VN","LD-8013/06/2026VN","LD 08013/S/CHK/2026","NOT_FOUND_IN_ATFM_2026","Cần tạo permit gốc trước; gửi ngay sẽ lỗi BR-REVISION-BASE-NOT-FOUND"
"LD 2502 BAV.docx","bav-vietnamese-landing-issued","ISSUED","LD-9007/07/2026VN","LD-8014/07/2026VN","LD 08014/S/CHK/2026","NOT_FOUND_IN_ATFM_2026","Có thể gửi thử như permit mới"
"LD 2503 MYU.docx","myu-english-landing-issued","ISSUED","LD-9008/7/2026VN","LD-8015/7/2026VN","LD 08015/S/CHK/2026","NOT_FOUND_IN_ATFM_2026","Có thể gửi thử như permit mới"
"LD 2504 SPA C26_06JUL-13JUL_ND.docx","spq-vietnamese-landing-issued","ISSUED","LD-9009/07/2026VN","LD-8016/07/2026VN","LD 08016/S/CHK/2026","NOT_FOUND_IN_ATFM_2026","Có thể gửi thử như permit mới"
"LD 2505  SPA C26_04JUL-12JUL_FrIN-FrOut_VNA921.docx","spq-vietnamese-landing-issued","ISSUED","LD-9010/07/2026VN","LD-8017/07/2026VN","LD 08017/S/CHK/2026","NOT_FOUND_IN_ATFM_2026","Có thể gửi thử như permit mới"
"LD 2506 N65WL.doc","prv-circadian-landing-issued","ISSUED","LD-9011/07/2026VN","LD-8018/07/2026VN","PENDING_WORD_COM","NOT_FOUND_IN_ATFM_2026","Có thể gửi thử như permit mới"
"LD 2507  9MTMJ.docx","prv-mados-landing-issued","ISSUED","LD-9012/7/2026VN","LD-8019/7/2026VN","LD 08019/S/CHK/2026","NOT_FOUND_IN_ATFM_2026","Có thể gửi thử như permit mới"
"LD 2508  N111AP.doc","prv-alpha-wings-landing-issued","ISSUED","LD-9013/07/2026VN","LD-8020/07/2026VN","PENDING_WORD_COM","NOT_FOUND_IN_ATFM_2026","Có thể gửi thử như permit mới"
"LD 2509 MSCDM.doc","prv-jet-concierge-landing-issued","ISSUED","LD-9014/07/2026VN","LD-8021/07/2026VN","PENDING_WORD_COM","NOT_FOUND_IN_ATFM_2026","Có thể gửi thử như permit mới"
"LD 2510 SIN.docx","sin-english-landing-issued","ISSUED","LD-9015/7/2026VN","LD-8022/7/2026VN","LD 08022/S/CHK/2026","NOT_FOUND_IN_ATFM_2026","Có thể gửi thử như permit mới"
"LD 2511 TUA CORR.DOCX","tua-english-landing-issued","ISSUED","LD-9016/7/2026VN","LD-8023/7/2026VN","LD 08023/S/CHK/2026","NOT_FOUND_IN_ATFM_2026","Có thể gửi thử như permit mới"
"LD 2511 TUA.DOCX","tua-english-landing-issued","ISSUED","LD-9017/7/2026VN","LD-8024/7/2026VN","LD 08024/S/CHK/2026","NOT_FOUND_IN_ATFM_2026","Có thể gửi thử như permit mới"
"LD 2512 N88AY.doc","prv-amber-landing-issued","ISSUED","LD-9018/07/2026VN","LD-8025/07/2026VN","PENDING_WORD_COM","NOT_FOUND_IN_ATFM_2026","Có thể gửi thử như permit mới"
"LD 2513 B652Q.doc","prv-amber-landing-issued","ISSUED","LD-9019/07/2026VN","LD-8026/07/2026VN","PENDING_WORD_COM","NOT_FOUND_IN_ATFM_2026","Có thể gửi thử như permit mới"
"LD 2514 VNA268.doc","vna-vietstar-landing-issued","ISSUED","LD-9020/07/2026VN","LD-8027/07/2026VN","PENDING_WORD_COM","NOT_FOUND_IN_ATFM_2026","Có thể gửi thử như permit mới"
"LD 2515 SAV298.doc","sav-sun-air-landing-issued","ISSUED","LD-2515/07/2026VN","LD-8028/07/2026VN","PENDING_WORD_COM","NOT_FOUND_IN_ATFM_2026","Có thể gửi thử như permit mới"
"LD 2516 HKC327.doc","hkc-english-landing-issued","ISSUED","LD-2516/07/2026VN","LD-8029/07/2026VN","PENDING_WORD_COM","NOT_FOUND_IN_ATFM_2026","Có thể gửi thử như permit mới"
"LD 2517 HVN.docx","hvn-vietnamese-landing-change","REVISION","LD-2517/7/2026VN","LD-8030/7/2026VN","LD 08030/S/CHK/2026","NOT_FOUND_IN_ATFM_2026","Cần tạo permit gốc trước; gửi ngay sẽ lỗi BR-REVISION-BASE-NOT-FOUND"
"LD 2747 CLX4731.docx","clx-english-landing-issued","ISSUED","LD-2747/07/2026VN","LD-8031/07/2026VN","LD 08031/S/CHK/2026","NOT_FOUND_IN_ATFM_2026","Có thể gửi thử như permit mới"
"LD 2749 N88AY.docx","prv-amber-landing-issued","ISSUED","LD-2749/07/2026VN","LD-8032/07/2026VN","LD 08032/S/CHK/2026","NOT_FOUND_IN_ATFM_2026","Có thể gửi thử như permit mới"
"LD 2752 VJC.docx","vjc-vietnamese-landing-issued","ISSUED","LD-2752/7/2026VN","LD-8033/7/2026VN","LD 08033/S/CHK/2026","NOT_FOUND_IN_ATFM_2026","Có thể gửi thử như permit mới"
"LD 2753 SAV298.docx","sav-sun-air-landing-issued","ISSUED","LD-2753/07/2026VN","LD-8034/07/2026VN","LD 08034/S/CHK/2026","NOT_FOUND_IN_ATFM_2026","Có thể gửi thử như permit mới"
"LD 2755 HAI488.docx","hai-english-landing-issued","ISSUED","LD-2755/07/2026VN","LD-8035/07/2026VN","LD 08035/S/CHK/2026","NOT_FOUND_IN_ATFM_2026","Có thể gửi thử như permit mới"
"LD 2756 BSF979A.docx","bsf-english-landing-issued","ISSUED","LD-2756/07/2026VN","LD-8036/07/2026VN","LD 08036/S/CHK/2026","NOT_FOUND_IN_ATFM_2026","Có thể gửi thử như permit mới"
"LD 2758 AIH.docx","aih-english-landing-issued","ISSUED","LD-2758/7/2026VN","LD-8037/7/2026VN","LD 08037/S/CHK/2026","NOT_FOUND_IN_ATFM_2026","Có thể gửi thử như permit mới"
"LD 2760 TBA.docx","tba-english-landing-issued","ISSUED","LD-2760/7/2026VN","LD-8038/7/2026VN","LD 08038/S/CHK/2026","NOT_FOUND_IN_ATFM_2026","Có thể gửi thử như permit mới"
"LD 2761 N707FH.doc","vag-vietnamese-landing-issued","ISSUED","LD-2761/07/2026VN","LD-8039/07/2026VN","PENDING_WORD_COM","NOT_FOUND_IN_ATFM_2026","Có thể gửi thử như permit mới"
"LD 2762 MEDIC15.docx","pfa-english-landing-issued","ISSUED","LD-2762/07/2026VN","LD-8040/07/2026VN","LD 08040/S/CHK/2026","NOT_FOUND_IN_ATFM_2026","Có thể gửi thử như permit mới"
"LD 2763 LTX1.docx","ltx-english-landing-issued","ISSUED","LD-2763/07/2026VN","LD-8041/07/2026VN","LD 08041/S/CHK/2026","NOT_FOUND_IN_ATFM_2026","Có thể gửi thử như permit mới"
"LD 2765 HVN.docx","hvn-vietnamese-landing-change","ISSUED","LD-2765/7/2026VN","LD-8042/7/2026VN","LD 08042/S/CHK/2026","NOT_FOUND_IN_ATFM_2026","Có thể gửi thử như permit mới"
"LD 2767 VDA.doc","vda-english-landing-issued","ISSUED","LD-2767/07/2026VN","LD-8043/07/2026VN","PENDING_WORD_COM","NOT_FOUND_IN_ATFM_2026","Có thể gửi thử như permit mới"
"LD 2773 VFC.docx","vfc-vietnamese-landing-change","ISSUED","LD-2773/7/2026VN","LD-8044/7/2026VN","LD 08044/S/CHK/2026","NOT_FOUND_IN_ATFM_2026","Có thể gửi thử như permit mới"
"LD 2774.docx","caav-generic-landing-issued","ISSUED","LD-2774/7/2026VN","LD-8045/7/2026VN","LD 08045/S/CHK/2026","NOT_FOUND_IN_ATFM_2026","Có thể gửi thử như permit mới"
"LD 2775 VJC.docx","vjc-vietnamese-landing-issued","ISSUED","LD-2775/7/2026VN","LD-8046/7/2026VN","LD 08046/S/CHK/2026","NOT_FOUND_IN_ATFM_2026","Có thể gửi thử như permit mới"
"LD 2777.docx","caav-generic-landing-issued","ISSUED","LD- 2777/7/2026VN","LD- 8047/7/2026VN","LD 08047/S/CHK/2026","NOT_FOUND_IN_ATFM_2026","Có thể gửi thử như permit mới"
"LD 2779.doc","vda-english-landing-issued","ISSUED","LD-2779/07/2026VN","LD-8048/07/2026VN","PENDING_WORD_COM","NOT_FOUND_IN_ATFM_2026","Có thể gửi thử như permit mới"
"LD 2781 VDA.doc","caav-generic-landing-issued","ISSUED","LD-2781/07/2026VN","LD-8049/07/2026VN","PENDING_WORD_COM","NOT_FOUND_IN_ATFM_2026","Có thể gửi thử như permit mới"
"LD 2782 HAI.docx","hai-english-landing-issued","ISSUED","LD-2782/07/2026VN","LD-8050/07/2026VN","LD 08050/S/CHK/2026","NOT_FOUND_IN_ATFM_2026","Có thể gửi thử như permit mới"
"LD 2783 HAI.docx","hai-english-landing-issued","ISSUED","LD-2783/07/2026VN","LD-8051/07/2026VN","LD 08051/S/CHK/2026","NOT_FOUND_IN_ATFM_2026","Có thể gửi thử như permit mới"
"LD 2784 TBJ.doc","tbj-english-landing-issued","ISSUED","LD-2784/07/2026VN","LD-8052/07/2026VN","PENDING_WORD_COM","NOT_FOUND_IN_ATFM_2026","Có thể gửi thử như permit mới"
"LD 2785 KAR.docx","kar-english-landing-issued","ISSUED","LD-2785/07/2026VN","LD-8053/07/2026VN","LD 08053/S/CHK/2026","NOT_FOUND_IN_ATFM_2026","Có thể gửi thử như permit mới"
"LD 2786 NWS.docx","nws-english-landing-issued","ISSUED","LD-2786/07/2026VN","LD-8054/07/2026VN","LD 08054/S/CHK/2026","NOT_FOUND_IN_ATFM_2026","Có thể gửi thử như permit mới"
"LD 2787 SAV579.docx","sav-sun-air-landing-issued","ISSUED","LD-2787/07/2026VN","LD-8055/07/2026VN","LD 08055/S/CHK/2026","NOT_FOUND_IN_ATFM_2026","Có thể gửi thử như permit mới"
"LD 2788 N55999.docx","caav-generic-landing-issued","ISSUED","LD-2788/07/2026VN","LD-8056/07/2026VN","LD 08056/S/CHK/2026","NOT_FOUND_IN_ATFM_2026","Có thể gửi thử như permit mới"
"LD 2790 VAG.docx","vag-vietnamese-landing-issued","ISSUED","LD-2790/07/2026VN","LD-8057/07/2026VN","LD 08057/S/CHK/2026","NOT_FOUND_IN_ATFM_2026","Có thể gửi thử như permit mới"
"LD 2794.docx","caav-generic-landing-issued","ISSUED","LD- 2794/7/2026VN","LD- 8058/7/2026VN","LD 08058/S/CHK/2026","NOT_FOUND_IN_ATFM_2026","Có thể gửi thử như permit mới"
"LD 2797 CKS.doc","cks-english-landing-issued","ISSUED","LD-2797/07/2026VN","LD-8059/07/2026VN","PENDING_WORD_COM","NOT_FOUND_IN_ATFM_2026","Có thể gửi thử như permit mới"
"LD 2799.doc","caav-generic-landing-issued","ISSUED","LD-2799/07/2026VN","LD-8060/07/2026VN","PENDING_WORD_COM","NOT_FOUND_IN_ATFM_2026","Có thể gửi thử như permit mới"
"LD 2807 FDX.doc","fdx-english-landing-issued","ISSUED","LD-2807/07/2026VN","LD-8061/07/2026VN","PENDING_WORD_COM","NOT_FOUND_IN_ATFM_2026","Có thể gửi thử như permit mới"
"LD 2808 AWC.doc","awc-english-landing-issued","ISSUED","LD-2808/07/2026VN","LD-8062/07/2026VN","PENDING_WORD_COM","NOT_FOUND_IN_ATFM_2026","Có thể gửi thử như permit mới"
"LD 2809.docx","hai-english-landing-issued","ISSUED","LD-2809/07/2026VN","LD-8063/07/2026VN","LD 08063/S/CHK/2026","NOT_FOUND_IN_ATFM_2026","Có thể gửi thử như permit mới"
"LD 2823 VJC.docx","vjc-vietnamese-landing-issued","ISSUED","LD-2823/7/2026VN","LD-8064/7/2026VN","LD 08064/S/CHK/2026","NOT_FOUND_IN_ATFM_2026","Có thể gửi thử như permit mới"
"LD 2824 KYE9521.doc","kye-english-landing-issued","ISSUED","LD-2824/07/2026VN","LD-8065/07/2026VN","PENDING_WORD_COM","NOT_FOUND_IN_ATFM_2026","Có thể gửi thử như permit mới"
"LD 2825 GTI611.doc","gti-english-landing-issued","ISSUED","LD-2825/07/2026VN","LD-8066/07/2026VN","PENDING_WORD_COM","NOT_FOUND_IN_ATFM_2026","Có thể gửi thử như permit mới"
"LD 2826.doc","hgb-english-landing-issued","ISSUED","LD-2826/07/2026VN","LD-8067/07/2026VN","PENDING_WORD_COM","NOT_FOUND_IN_ATFM_2026","Có thể gửi thử như permit mới"
"LD 2828 VFC.docx","vfc-vietnamese-landing-change","ISSUED","LD-2828/7/2026VN","LD-8068/7/2026VN","LD 08068/S/CHK/2026","NOT_FOUND_IN_ATFM_2026","Có thể gửi thử như permit mới"
"LD 2830 HVN.docx","hvn-vietnamese-landing-change","REVISION","LD-2830/7/2026VN","LD-8069/7/2026VN","LD 08069/S/CHK/2026","NOT_FOUND_IN_ATFM_2026","Cần tạo permit gốc trước; gửi ngay sẽ lỗi BR-REVISION-BASE-NOT-FOUND"
"LD 2833 AZV.doc","azv-english-landing-issued","ISSUED","LD-2833/07/2026VN","LD-8070/07/2026VN","PENDING_WORD_COM","NOT_FOUND_IN_ATFM_2026","Có thể gửi thử như permit mới"
"LD 2834 GTI.doc","gti-english-landing-issued","ISSUED","LD-2834/07/2026VN","LD-8071/07/2026VN","PENDING_WORD_COM","NOT_FOUND_IN_ATFM_2026","Có thể gửi thử như permit mới"
"LD 2835-VJT503.doc","vjt-english-landing-issued","ISSUED","LD-2835/07/2026VN","LD-8072/07/2026VN","PENDING_WORD_COM","NOT_FOUND_IN_ATFM_2026","Có thể gửi thử như permit mới"
"LD 2836 TBJ67.doc","tbj-english-landing-issued","ISSUED","LD-2836/07/2026VN","LD-8073/07/2026VN","PENDING_WORD_COM","NOT_FOUND_IN_ATFM_2026","Có thể gửi thử như permit mới"
"LD 2837 SPQ.docx","spq-vietnamese-landing-issued","ISSUED","LD-2837/07/2026VN","LD-8074/07/2026VN","LD 08074/S/CHK/2026","NOT_FOUND_IN_ATFM_2026","Có thể gửi thử như permit mới"
"LD 2838-QTR.docx","qtr-english-landing-issued","ISSUED","LD-2838/06/2026VN","LD-8075/06/2026VN","LD 08075/S/CHK/2026","NOT_FOUND_IN_ATFM_2026","Có thể gửi thử như permit mới"
"LD 2839-VPBMH.doc","caav-generic-landing-issued","ISSUED","LD-2839/07/2026VN","LD-8076/07/2026VN","PENDING_WORD_COM","NOT_FOUND_IN_ATFM_2026","Có thể gửi thử như permit mới"
"LD 2840-CKS4524.doc","cks-english-landing-issued","ISSUED","LD-2840/07/2026VN","LD-8077/07/2026VN","PENDING_WORD_COM","NOT_FOUND_IN_ATFM_2026","Có thể gửi thử như permit mới"
"LD 2841_N77999.docx","caav-generic-landing-issued","ISSUED","LD-2841/07/2026VN","LD-8078/07/2026VN","LD 08078/S/CHK/2026","NOT_FOUND_IN_ATFM_2026","Có thể gửi thử như permit mới"
"LD 2843 MYU.docx","myu-english-landing-issued","ISSUED","LD-2843/7/2026VN","LD-8079/7/2026VN","LD 08079/S/CHK/2026","NOT_FOUND_IN_ATFM_2026","Có thể gửi thử như permit mới"
"LD 2845 HVN7109.docx","hvn-vietnamese-landing-change","ISSUED","LD-2845/7/2026VN","LD-8080/7/2026VN","LD 08080/S/CHK/2026","NOT_FOUND_IN_ATFM_2026","Có thể gửi thử như permit mới"
"LD 2846 HVN.docx","hvn-vietnamese-landing-change","ISSUED","LD-2846/7/2026VN","LD-8081/7/2026VN","LD 08081/S/CHK/2026","NOT_FOUND_IN_ATFM_2026","Có thể gửi thử như permit mới"
"LD 2847 HVN384.docx","hvn-vietnamese-landing-change","REVISION","LD-2847/7/2026VN","LD-8082/7/2026VN","LD 08082/S/CHK/2026","NOT_FOUND_IN_ATFM_2026","Cần tạo permit gốc trước; gửi ngay sẽ lỗi BR-REVISION-BASE-NOT-FOUND"
"LD-2667_rev2_VU774..._24-31jul_G17.44-260722-170288.docx","caav-generic-landing-revision","REVISION","LD-2668/07/2026VN","LD-8083/07/2026VN","LD 08083/S/CHK/2026","NOT_FOUND_IN_ATFM_2026","Cần tạo permit gốc trước; gửi ngay sẽ lỗi BR-REVISION-BASE-NOT-FOUND"
"LD-88_A_S_2026VN.RVS.22JUL26.docx","caav-english-issued-permit-revision","REVISION","LD - 88/A/S/2026VN","LD - 8084/A/S/2026VN","LD 8084A/S/CHK/2026","NOT_FOUND_IN_ATFM_2026","Cần tạo permit gốc trước; gửi ngay sẽ lỗi BR-REVISION-BASE-NOT-FOUND"
"LD2587 REV3.-PTW.docx","ptw-english-landing-revision","REVISION","LD-2587/7/2026VN","LD-8085/7/2026VN","LD 08085/S/CHK/2026","NOT_FOUND_IN_ATFM_2026","Cần tạo permit gốc trước; gửi ngay sẽ lỗi BR-REVISION-BASE-NOT-FOUND"
"OF 4669 RVS 2.docx","prv-sinojet-overflight-revision","REVISION","OF-4669/06/2026VN","OF-8086/06/2026VN","O/F 08086/S/CHK/2026","NOT_FOUND_IN_ATFM_2026","Cần tạo permit gốc trước; gửi ngay sẽ lỗi BR-REVISION-BASE-NOT-FOUND"
"OF 4690 RVS 1 VJT232.docx","vjt-vistajet-overflight-revision","REVISION","OF-4690/06/2026VN","OF-8087/06/2026VN","O/F 08087/S/CHK/2026","NOT_FOUND_IN_ATFM_2026","Cần tạo permit gốc trước; gửi ngay sẽ lỗi BR-REVISION-BASE-NOT-FOUND"
"OF 4690 RVS 2.docx","vjt-vistajet-overflight-revision","REVISION","OF-4690/06/2026VN","OF-8088/06/2026VN","O/F 08088/S/CHK/2026","NOT_FOUND_IN_ATFM_2026","Cần tạo permit gốc trước; gửi ngay sẽ lỗi BR-REVISION-BASE-NOT-FOUND"
"OF 4794_RCR3373.docx","rcr-inline-overflight-issued","ISSUED","OF-4794/7/2025VN","OF-8089/7/2025VN","O/F 08089/S/CHK/2025","NOT_FOUND_IN_ATFM_2026","Có thể gửi thử như permit mới"
"OF 4794_VQBOY.docx","prv-lily-jet-overflight-issued","ISSUED","OF-4794/07/2026VN","OF-8090/07/2026VN","O/F 08090/S/CHK/2026","NOT_FOUND_IN_ATFM_2026","Có thể gửi thử như permit mới"
"OF 4795_B65AP.docx","prv-amber-overflight-issued","ISSUED","OF-4795/07/2026VN","OF-8091/07/2026VN","O/F 08091/S/CHK/2026","NOT_FOUND_IN_ATFM_2026","Có thể gửi thử như permit mới"
"OF 4795_VJT861.docx","vjt-inline-overflight-issued","ISSUED","OF-4795/7/2025VN","OF-8092/7/2025VN","O/F 08092/S/CHK/2025","NOT_FOUND_IN_ATFM_2026","Có thể gửi thử như permit mới"
"OF 4796_FDX9080.docx","fdx-english-overflight-issued","ISSUED","OF-4796/07/2026VN","OF-8093/07/2026VN","O/F 08093/S/CHK/2026","NOT_FOUND_IN_ATFM_2026","Có thể gửi thử như permit mới"
"of 4813 rvs 1.docx","prv-orbital-sky-overflight-revision","ISSUED","OF-4813/6/2026VN","OF-8094/6/2026VN","O/F 08094/S/CHK/2026","NOT_FOUND_IN_ATFM_2026","Có thể gửi thử như permit mới"
"OF 4840 RVS 1.docx","red-redstar-overflight-revision","REVISION","O/F-4840/07/2026VN","O/F-8095/07/2026VN","O/F 08095/S/CHK/2026","NOT_FOUND_IN_ATFM_2026","Cần tạo permit gốc trước; gửi ngay sẽ lỗi BR-REVISION-BASE-NOT-FOUND"
"OF 4868 N111AP.docx","prv-alpha-wings-overflight-issued","ISSUED","OF-4868/07/2026VN","OF-8096/07/2026VN","O/F 08096/S/CHK/2026","NOT_FOUND_IN_ATFM_2026","Có thể gửi thử như permit mới"
"OF 4869 TAY400.docx","tay-english-overflight-issued","ISSUED","OF-4869/07/2026VN","OF-8097/07/2026VN","O/F 08097/S/CHK/2026","NOT_FOUND_IN_ATFM_2026","Có thể gửi thử như permit mới"
"OF 4870 ABD4800.docx","abd-english-overflight-issued","ISSUED","OF-4870/07/2026VN","OF-8098/07/2026VN","O/F 08098/S/CHK/2026","NOT_FOUND_IN_ATFM_2026","Có thể gửi thử như permit mới"
"OF 4871.docx","prv-sinojet-overflight-issued","ISSUED","OF-4871/07/2026VN","OF-8099/07/2026VN","O/F 08099/S/CHK/2026","NOT_FOUND_IN_ATFM_2026","Có thể gửi thử như permit mới"
"OF 4872 FDX.docx","fdx-english-overflight-issued","ISSUED","OF-4872/07/2026VN","OF-8100/07/2026VN","O/F 08100/S/CHK/2026","NOT_FOUND_IN_ATFM_2026","Có thể gửi thử như permit mới"
"OF 4873 VPBFP.docx","prv-hong-kong-jet-overflight-issued","ISSUED","OF-4873/07/2026VN","OF-8101/07/2026VN","O/F 08101/S/CHK/2026","NOT_FOUND_IN_ATFM_2026","Có thể gửi thử như permit mới"
"OF 4875.docx","vpb-sands-overflight-issued","ISSUED","OF-4875/07/2026VN","OF-8102/07/2026VN","O/F 08102/S/CHK/2026","NOT_FOUND_IN_ATFM_2026","Có thể gửi thử như permit mới"
"OF 4876.docx","air-airflite-overflight-issued","ISSUED","OF-4876/07/2026VN","OF-8103/07/2026VN","O/F 08103/S/CHK/2026","NOT_FOUND_IN_ATFM_2026","Có thể gửi thử như permit mới"
"OF 4877.docx","air-airflite-overflight-issued","ISSUED","OF-4877/07/2026VN","OF-8104/07/2026VN","O/F 08104/S/CHK/2026","NOT_FOUND_IN_ATFM_2026","Có thể gửi thử như permit mới"
"OF 4878.docx","gti-english-overflight-issued","ISSUED","OF-4878/07/2026VN","OF-8105/07/2026VN","O/F 08105/S/CHK/2026","NOT_FOUND_IN_ATFM_2026","Có thể gửi thử như permit mới"
"OF 4879.docx","prv-lily-jet-overflight-issued","ISSUED","OF-4879/07/2026VN","OF-8106/07/2026VN","O/F 08106/S/CHK/2026","NOT_FOUND_IN_ATFM_2026","Có thể gửi thử như permit mới"
"of 4880 KAL.docx","kal-english-overflight-issued","ISSUED","OF-4880/7/2026VN","OF-8107/7/2026VN","O/F 08107/S/CHK/2026","NOT_FOUND_IN_ATFM_2026","Có thể gửi thử như permit mới"
"OF 4881.docx","mas-english-overflight-issued","ISSUED","OF-4881/6/2026VN","OF-8108/6/2026VN","O/F 08108/S/CHK/2026","NOT_FOUND_IN_ATFM_2026","Có thể gửi thử như permit mới"
"OF 4882.docx","prv-sultan-flight-overflight-issued","ISSUED","OF-4882/7/2026VN","OF-8109/7/2026VN","O/F 08109/S/CHK/2026","NOT_FOUND_IN_ATFM_2026","Có thể gửi thử như permit mới"
"OF 4883.docx","prv-sultan-flight-overflight-issued","ISSUED","OF-4883/7/2026VN","OF-8110/7/2026VN","O/F 08110/S/CHK/2026","NOT_FOUND_IN_ATFM_2026","Có thể gửi thử như permit mới"
"OF 4884.docx","prv-freedom-charter-overflight-issued","ISSUED","OF-4884/7/2026VN","OF-8111/7/2026VN","O/F 08111/S/CHK/2026","NOT_FOUND_IN_ATFM_2026","Có thể gửi thử như permit mới"
"OF 4885.docx","prv-gsec-overflight-issued","ISSUED","OF-4885/7/2026VN","OF-8112/7/2026VN","O/F 08112/S/CHK/2026","NOT_FOUND_IN_ATFM_2026","Có thể gửi thử như permit mới"
"OF 4886.docx","prv-arirang-overflight-issued","ISSUED","OF-4886/7/2026VN","OF-8113/7/2026VN","O/F 08113/S/CHK/2026","NOT_FOUND_IN_ATFM_2026","Có thể gửi thử như permit mới"
"OF 4887 N858KE.docx","blr-bloomberry-overflight-issued","ISSUED","OF-4887/7/2026VN","OF-8114/7/2026VN","O/F 08114/S/CHK/2026","NOT_FOUND_IN_ATFM_2026","Có thể gửi thử như permit mới"
"OF 4888.docx","prv-minebea-overflight-issued","ISSUED","OF-4888/7/2026VN","OF-8115/7/2026VN","O/F 08115/S/CHK/2026","NOT_FOUND_IN_ATFM_2026","Có thể gửi thử như permit mới"
"OF 4889.docx","prv-minebea-overflight-issued","ISSUED","OF-4889/7/2026VN","OF-8116/7/2026VN","O/F 08116/S/CHK/2026","NOT_FOUND_IN_ATFM_2026","Có thể gửi thử như permit mới"
"OF 4890.docx","oga-orient-global-overflight-issued","ISSUED","OF-4890/6/2026VN","OF-8117/6/2026VN","O/F 08117/S/CHK/2026","NOT_FOUND_IN_ATFM_2026","Có thể gửi thử như permit mới"
"OF 4891.docx","prv-pacific-eagle-overflight-issued","ISSUED","OF-4891/7/2026VN","OF-8118/7/2026VN","O/F 08118/S/CHK/2026","NOT_FOUND_IN_ATFM_2026","Có thể gửi thử như permit mới"
"OF 4892 T7BOSS.docx","asi-asian-corporate-overflight-issued","ISSUED","OF-4892/7/2026VN","OF-8119/7/2026VN","O/F 08119/S/CHK/2026","NOT_FOUND_IN_ATFM_2026","Có thể gửi thử như permit mới"
"OF 4893.docx","prv-loft-shine-overflight-issued","ISSUED","OF-4893/7/2026VN","OF-8120/7/2026VN","O/F 08120/S/CHK/2026","NOT_FOUND_IN_ATFM_2026","Có thể gửi thử như permit mới"
"OF 4894 HSDID.docx","acj-english-overflight-issued","ISSUED","OF-4894/7/2026VN","OF-8121/7/2026VN","O/F 08121/S/CHK/2026","NOT_FOUND_IN_ATFM_2026","Có thể gửi thử như permit mới"
"OF 4895_ABD3571.docx","abd-english-overflight-issued","ISSUED","OF-4895/07/2026VN","OF-8122/07/2026VN","O/F 08122/S/CHK/2026","NOT_FOUND_IN_ATFM_2026","Có thể gửi thử như permit mới"
"OF 4896 AIQ9701.docx","aiq-english-overflight-issued","ISSUED","OF-4896/7/2026VN","OF-8123/7/2026VN","O/F 08123/S/CHK/2026","NOT_FOUND_IN_ATFM_2026","Có thể gửi thử như permit mới"
"OF 5307 V8OAS.docx","prv-sultan-flight-overflight-issued","ISSUED","OF-5307/7/2026VN","OF-8124/7/2026VN","O/F 08124/S/CHK/2026","NOT_FOUND_IN_ATFM_2026","Có thể gửi thử như permit mới"
"OF 5343 VHPFA.docx","pfa-english-overflight-issued","ISSUED","O/F-5343/07/2026VN","O/F-8125/07/2026VN","O/F 08125/S/CHK/2026","NOT_FOUND_IN_ATFM_2026","Có thể gửi thử như permit mới"
"OF 5367 ADB390F.docx","caav-generic-overflight-issued","ISSUED","OF-5367/07/2026VN","OF-8126/07/2026VN","O/F 08126/S/CHK/2026","NOT_FOUND_IN_ATFM_2026","Có thể gửi thử như permit mới"
"OF 5368 T7JUE.docx","caav-generic-overflight-issued","ISSUED","OF-5368/07/2026VN","OF-8127/07/2026VN","O/F 08127/S/CHK/2026","NOT_FOUND_IN_ATFM_2026","Có thể gửi thử như permit mới"
"OF 5374 CQH.docx","cqh-english-overflight-issued","ISSUED","OF-5374/7/2026VN","OF-8128/7/2026VN","O/F 08128/S/CHK/2026","NOT_FOUND_IN_ATFM_2026","Có thể gửi thử như permit mới"
"OF 5391 IGT1183.docx","igt-english-overflight-issued","ISSUED","OF-5391/07/2026VN","OF-8129/07/2026VN","O/F 08129/S/CHK/2026","NOT_FOUND_IN_ATFM_2026","Có thể gửi thử như permit mới"
"OF 5392 IGT1202.docx","igt-english-overflight-issued","ISSUED","OF-5392/07/2026VN","OF-8130/07/2026VN","O/F 08130/S/CHK/2026","NOT_FOUND_IN_ATFM_2026","Có thể gửi thử như permit mới"
"OF 5394 HGO.docx","hgo-english-overflight-issued","ISSUED","OF-5394/07/2026VN","OF-8131/07/2026VN","O/F 08131/S/CHK/2026","NOT_FOUND_IN_ATFM_2026","Có thể gửi thử như permit mới"
"OF 5414 N1972.docx","caav-generic-overflight-issued","ISSUED","OF-5414/07/2026VN","OF-8132/07/2026VN","O/F 08132/S/CHK/2026","NOT_FOUND_IN_ATFM_2026","Có thể gửi thử như permit mới"
"OF 5415 T7688NJ.docx","caav-generic-overflight-issued","ISSUED","OF-5415/07/2026VN","OF-8133/07/2026VN","O/F 08133/S/CHK/2026","NOT_FOUND_IN_ATFM_2026","Có thể gửi thử như permit mới"
"OF 5419  BTN.docx","btn-english-overflight-issued","ISSUED","OF-5419/7/2026VN","OF-8134/7/2026VN","O/F 08134/S/CHK/2026","NOT_FOUND_IN_ATFM_2026","Có thể gửi thử như permit mới"
"OF 5420 AZG1922.docx","azg-english-overflight-issued","ISSUED","OF-5420/7/2026VN","OF-8135/7/2026VN","O/F 08135/S/CHK/2026","NOT_FOUND_IN_ATFM_2026","Có thể gửi thử như permit mới"
"OF 5421 MFX7632.docx","mfx-english-overflight-issued","ISSUED","OF-5421/7/2026VN","OF-8136/7/2026VN","O/F 08136/S/CHK/2026","NOT_FOUND_IN_ATFM_2026","Có thể gửi thử như permit mới"
"OF 5425 KXP.docx","kxp-english-overflight-scheduled","ISSUED","OF-5425/7/2026VN","OF-8137/7/2026VN","O/F 08137/S/CHK/2026","NOT_FOUND_IN_ATFM_2026","Có thể gửi thử như permit mới"
"OF 5426 T7TJ1.docx","caav-generic-overflight-issued","ISSUED","OF-5426/7/2026VN","OF-8138/7/2026VN","O/F 08138/S/CHK/2026","NOT_FOUND_IN_ATFM_2026","Có thể gửi thử như permit mới"
"OF 5427 SIN.docx","sin-english-overflight-scheduled","ISSUED","OF-5427/7/2026VN","OF-8139/7/2026VN","O/F 08139/S/CHK/2026","NOT_FOUND_IN_ATFM_2026","Có thể gửi thử như permit mới"
"OF 5428 KMI001.docx","kmi-english-overflight-issued","ISSUED","OF-5428/7/2026VN","OF-8140/7/2026VN","O/F 08140/S/CHK/2026","NOT_FOUND_IN_ATFM_2026","Có thể gửi thử như permit mới"
"OF 5429 APG.docx","apg-english-overflight-issued","ISSUED","OF-5429/7/2026VN","OF-8141/7/2026VN","O/F 08141/S/CHK/2026","NOT_FOUND_IN_ATFM_2026","Có thể gửi thử như permit mới"
"OF 5430 QQE.docx","caav-generic-overflight-issued","ISSUED","O/F-5430/07/2026VN","O/F-8142/07/2026VN","O/F 08142/S/CHK/2026","NOT_FOUND_IN_ATFM_2026","Có thể gửi thử như permit mới"
"OF 5433 GTI.docx","gti-english-overflight-issued","ISSUED","OF-5433/07/2026VN","OF-8143/07/2026VN","O/F 08143/S/CHK/2026","NOT_FOUND_IN_ATFM_2026","Có thể gửi thử như permit mới"
"OF 5434 GTI.docx","gti-english-overflight-issued","ISSUED","OF-5434/07/2026VN","OF-8144/07/2026VN","O/F 08144/S/CHK/2026","NOT_FOUND_IN_ATFM_2026","Có thể gửi thử như permit mới"
"OF 5435 GTI.docx","gti-english-overflight-issued","ISSUED","OF-5435/07/2026VN","OF-8145/07/2026VN","O/F 08145/S/CHK/2026","NOT_FOUND_IN_ATFM_2026","Có thể gửi thử như permit mới"
"OF 5436 VJT.docx","vjt-inline-overflight-issued","ISSUED","OF-5436/07/2026VN","OF-8146/07/2026VN","O/F 08146/S/CHK/2026","NOT_FOUND_IN_ATFM_2026","Có thể gửi thử như permit mới"
"OF 5438 IGT.docx","igt-english-overflight-scheduled","ISSUED","OF-5438/07/2026VN","OF-8147/07/2026VN","O/F 08147/S/CHK/2026","NOT_FOUND_IN_ATFM_2026","Có thể gửi thử như permit mới"
"OF 5441 TCJ02.docx","caav-generic-overflight-issued","ISSUED","OF-5441/07/2026VN","OF-8148/07/2026VN","O/F 08148/S/CHK/2026","NOT_FOUND_IN_ATFM_2026","Có thể gửi thử như permit mới"
"OF 5442 N363JG.docx","caav-generic-overflight-issued","ISSUED","OF-5442/07/2026VN","OF-8149/07/2026VN","O/F 08149/S/CHK/2026","NOT_FOUND_IN_ATFM_2026","Có thể gửi thử như permit mới"
"OF 5443 N6FE.docx","caav-generic-overflight-issued","ISSUED","OF-5443/07/2026VN","OF-8150/07/2026VN","O/F 08150/S/CHK/2026","NOT_FOUND_IN_ATFM_2026","Có thể gửi thử như permit mới"
"OF 5446 B8309.docx","prv-amber-overflight-issued","ISSUED","OF-5446/07/2026VN","OF-8151/07/2026VN","O/F 08151/S/CHK/2026","NOT_FOUND_IN_ATFM_2026","Có thể gửi thử như permit mới"
"OF 5447 ADZ9087.docx","adz-english-overflight-issued","ISSUED","OF-5447/07/2026VN","OF-8152/07/2026VN","O/F 08152/S/CHK/2026","NOT_FOUND_IN_ATFM_2026","Có thể gửi thử như permit mới"
"OF 5448 B3246.docx","caav-generic-overflight-issued","ISSUED","OF-5448/7/2026VN","OF-8153/7/2026VN","O/F 08153/S/CHK/2026","NOT_FOUND_IN_ATFM_2026","Có thể gửi thử như permit mới"
"OF 5452 DASSY.docx","caav-generic-overflight-issued","ISSUED","OF-5452/07/2026VN","OF-8154/07/2026VN","O/F 08154/S/CHK/2026","NOT_FOUND_IN_ATFM_2026","Có thể gửi thử như permit mới"
"OF 5453 VPCNP.docx","caav-generic-overflight-issued","ISSUED","OF-5453/07/2026VN","OF-8155/07/2026VN","O/F 08155/S/CHK/2026","NOT_FOUND_IN_ATFM_2026","Có thể gửi thử như permit mới"
"OF 5454 MEDIC77.docx","caav-generic-overflight-issued","ISSUED","O/F-5454/07/2026VN","O/F-8156/07/2026VN","O/F 08156/S/CHK/2026","NOT_FOUND_IN_ATFM_2026","Có thể gửi thử như permit mới"
"OF 5477 N369WW.docx","caav-generic-overflight-issued","ISSUED","OF-5477/07/2026VN","OF-8157/07/2026VN","O/F 08157/S/CHK/2026","NOT_FOUND_IN_ATFM_2026","Có thể gửi thử như permit mới"
"OF 5478 ABD.docx","abd-english-overflight-issued","ISSUED","OF-5478/07/2026VN","OF-8158/07/2026VN","O/F 08158/S/CHK/2026","NOT_FOUND_IN_ATFM_2026","Có thể gửi thử như permit mới"
"OF 5479 VQBOY.docx","prv-lily-jet-overflight-issued","ISSUED","OF-5479/07/2026VN","OF-8159/07/2026VN","O/F 08159/S/CHK/2026","NOT_FOUND_IN_ATFM_2026","Có thể gửi thử như permit mới"
"OF 5480 VJT.docx","vjt-inline-overflight-issued","ISSUED","OF-5480/07/2026VN","OF-8160/07/2026VN","O/F 08160/S/CHK/2026","NOT_FOUND_IN_ATFM_2026","Có thể gửi thử như permit mới"
"OF 5481 VJT COR.docx","vjt-inline-overflight-issued","ISSUED","OF-5481/07/2026VN","OF-8161/07/2026VN","O/F 08161/S/CHK/2026","NOT_FOUND_IN_ATFM_2026","Có thể gửi thử như permit mới"
"OF 5481 VJT.docx","vjt-inline-overflight-issued","ISSUED","OF-5481/07/2026VN","OF-8162/07/2026VN","O/F 08162/S/CHK/2026","NOT_FOUND_IN_ATFM_2026","Có thể gửi thử như permit mới"
"OF 5482 N779LG.docx","caav-generic-overflight-issued","ISSUED","OF-5482/7/2026VN","OF-8163/7/2026VN","O/F 08163/S/CHK/2026","NOT_FOUND_IN_ATFM_2026","Có thể gửi thử như permit mới"
"OF 5483 HGO.docx","hgo-english-overflight-issued","ISSUED","OF-5483/07/2026VN","OF-8164/07/2026VN","O/F 08164/S/CHK/2026","NOT_FOUND_IN_ATFM_2026","Có thể gửi thử như permit mới"
"OF 5484 N212DD.docx","prv-sinojet-overflight-issued","ISSUED","OF-5484/07/2026VN","OF-8165/07/2026VN","O/F 08165/S/CHK/2026","NOT_FOUND_IN_ATFM_2026","Có thể gửi thử như permit mới"
"OF 5485 N65WL.docx","prv-circadian-overflight-issued","ISSUED","OF-5485/07/2026VN","OF-8166/07/2026VN","O/F 08166/S/CHK/2026","NOT_FOUND_IN_ATFM_2026","Có thể gửi thử như permit mới"
"OF 5486 VJT.docx","vjt-inline-overflight-issued","ISSUED","OF-5486/07/2026VN","OF-8167/07/2026VN","O/F 08167/S/CHK/2026","NOT_FOUND_IN_ATFM_2026","Có thể gửi thử như permit mới"
"OF 5487 VJT.docx","vjt-inline-overflight-issued","ISSUED","OF-5487/07/2026VN","OF-8168/07/2026VN","O/F 08168/S/CHK/2026","NOT_FOUND_IN_ATFM_2026","Có thể gửi thử như permit mới"
"OF 5488 VPCNP.docx","caav-generic-overflight-issued","ISSUED","OF-5488/07/2026VN","OF-8169/07/2026VN","O/F 08169/S/CHK/2026","NOT_FOUND_IN_ATFM_2026","Có thể gửi thử như permit mới"
"OF 5489 B16888.docx","caav-generic-overflight-issued","ISSUED","OF-5489/07/2026VN","OF-8170/07/2026VN","O/F 08170/S/CHK/2026","NOT_FOUND_IN_ATFM_2026","Có thể gửi thử như permit mới"
"OF 5495 THY.docx","thy-english-overflight-issued","ISSUED","O/F-5495/07/2026VN","O/F-8171/07/2026VN","O/F 08171/S/CHK/2026","NOT_FOUND_IN_ATFM_2026","Có thể gửi thử như permit mới"
"OF 5495 THY6314 COR LAY.docx","thy-english-overflight-issued","ISSUED","O/F-5495/07/2026VN","O/F-8172/07/2026VN","O/F 08172/S/CHK/2026","NOT_FOUND_IN_ATFM_2026","Có thể gửi thử như permit mới"
"OF 5496 P4JPB.docx","caav-generic-overflight-issued","ISSUED","O/F-5496/07/2026VN","O/F-8173/07/2026VN","O/F 08173/S/CHK/2026","NOT_FOUND_IN_ATFM_2026","Có thể gửi thử như permit mới"
"OF 5497 THY.docx","thy-english-overflight-issued","ISSUED","O/F-5497/07/2026VN","O/F-8174/07/2026VN","O/F 08174/S/CHK/2026","NOT_FOUND_IN_ATFM_2026","Có thể gửi thử như permit mới"
"OF 5498 VHOFA.docx","caav-generic-overflight-issued","ISSUED","O/F-5498/07/2026VN","O/F-8175/07/2026VN","O/F 08175/S/CHK/2026","NOT_FOUND_IN_ATFM_2026","Có thể gửi thử như permit mới"
"OF 5499 T7Y8998.docx","caav-generic-overflight-issued","ISSUED","O/F-5499/07/2026VN","O/F-8176/07/2026VN","O/F 08176/S/CHK/2026","NOT_FOUND_IN_ATFM_2026","Có thể gửi thử như permit mới"
"OF 5500 QQE.docx","caav-generic-overflight-issued","ISSUED","O/F-5500/07/2026VN","O/F-8177/07/2026VN","O/F 08177/S/CHK/2026","NOT_FOUND_IN_ATFM_2026","Có thể gửi thử như permit mới"
"OF 5501 T7BOSS.docx","asi-asian-corporate-overflight-issued","ISSUED","OF-5501/7/2026VN","OF-8178/7/2026VN","O/F 08178/S/CHK/2026","NOT_FOUND_IN_ATFM_2026","Có thể gửi thử như permit mới"
"QLB 158.docx","pfa-bilingual-qlb-issued","ISSUED","QLB-158/7/2026VN","QLB-8179/7/2026VN","QLB 08179/S/VATM/2026","NOT_FOUND_IN_ATFM_2026","Có thể gửi thử như permit mới"
"QLB 161 VHULJ.docx","prv-avcair-qlb-issued","ISSUED","QLB-161/7/2026VN","QLB-8180/7/2026VN","QLB 08180/S/VATM/2026","NOT_FOUND_IN_ATFM_2026","Có thể gửi thử như permit mới"
"quyngoxuan_20260731_174857_email_000_LD_2497_VJC.docx","vjc-vietnamese-landing-issued","ISSUED","LD-12498/7/2026VN","LD-8181/7/2026VN","LD 08181/S/CHK/2026","NOT_FOUND_IN_ATFM_2026","Có thể gửi thử như permit mới"
"quyngoxuan_20260803_090332_email_quarantine_006_LD_2842_IGA.doc","caav-generic-landing-issued","ISSUED","LD-2842/07/2026VN","LD-8182/07/2026VN","PENDING_WORD_COM","NOT_FOUND_IN_ATFM_2026","Có thể gửi thử như permit mới"
"quyngoxuan_20260803_090333_email_008_LD_2856_VFC8068-.docx","vfc-vietnamese-landing-change","ISSUED","LD2856/8/2026VN","LD8183/8/2026VN","LD 08183/S/CHK/2026","NOT_FOUND_IN_ATFM_2026","Có thể gửi thử như permit mới"
"quyngoxuan_20260803_090340_email_019_OF_5517-FDX9082.docx","fdx-english-overflight-issued","ISSUED","OF-5518/08/2026VN","OF-8184/08/2026VN","O/F 08184/S/CHK/2026","NOT_FOUND_IN_ATFM_2026","Có thể gửi thử như permit mới"
"REV1 LD 2467 AZG.docx","azg-english-landing-revision","REVISION","LD- 2467/7/2026VN","LD- 8185/7/2026VN","LD 08185/S/CHK/2026","NOT_FOUND_IN_ATFM_2026","Cần tạo permit gốc trước; gửi ngay sẽ lỗi BR-REVISION-BASE-NOT-FOUND"
"tu1412000_20260731_172631_email_000_LD_2821_VJC.docx","vjc-vietnamese-landing-issued","ISSUED","LD-2821/7/2026VN","LD-8186/7/2026VN","LD 08186/S/CHK/2026","NOT_FOUND_IN_ATFM_2026","Có thể gửi thử như permit mới"
"YEN NHI.docx","","NON_PERMIT","","","","NOT_APPLICABLE","Không có số phép bay; giữ nguyên nội dung"
