"File","First","Count"
"dungdm_20260729_172132_email_007__SPA070__REV1_LD-2702_S26_04AUG-07AUG_ND.docx","LD-2788/07/2026VN /REV1","2"
"haanh6889_20260803_132349_email_000_LD-2785_CXR-EO-AUG2026__REV2_.doc","LD-2785/07/2026VN/REV2","3"
"haanh6889_20260803_132349_email_000_LD-2785_CXR-EO-AUG2026__REV2__1_.doc","LD-2785/07/2026VN/REV2","3"
"haanhlv_20260803_153158_email_001_LD-03.B.S.2026VN.REV5.docx","LD-03/B/S/2026VN /REV5","1"
"LD-2667_rev2_VU774..._24-31jul_G17.44-260722-170288.docx","LD-2668/07/2026VN/REV2","2"
"LD-88_A_S_2026VN.RVS.22JUL26.docx","LD-88_A_S_2026VN","2"
"LD2587_REV3.-PTW.docx","LD-2587/7/2026VN /REV3","1"
"LD_2353_HAI_rev2.docx","LD-9002/07/2026VN/REV2","1"
"LD_2473_KYE.doc","LD-9004/07/2026VN","1"
"LD_2473_KYE_REV1.docx","LD-9003/07/2026VN /REV1","1"
"LD_2475_GTI_REV1_.docx","LD-9005/07/2026VN /REV1","1"
"LD_2486_N77999_REV1_.docx","LD-9006/06/2026VN /REV1","2"
"LD_2501_IGO.docx","LD- 9001/7/2026VN","1"
"LD_2502_BAV.docx","LD-9007/07/2026VN","1"
"LD_2503_MYU.docx","LD-9008/7/2026VN","1"
"LD_2504_SPA_C26_06JUL-13JUL_ND.docx","LD-9009/07/2026VN","1"
"LD_2505_SPA_C26_04JUL-12JUL_FrIN-FrOut_VNA921.docx","LD-9010/07/2026VN","1"
"LD_2506_N65WL.doc","LD-9011/07/2026VN","1"
"LD_2507_9MTMJ.docx","LD-9012/7/2026VN","1"
"LD_2508_N111AP.doc","LD-9013/07/2026VN","1"
"LD_2509_MSCDM.doc","LD-9014/07/2026VN","1"
"LD_2510_SIN.docx","LD-9015/7/2026VN","1"
"LD_2511_TUA.DOCX","LD-9017/7/2026VN","1"
"LD_2511_TUA_CORR.DOCX","LD-9016/7/2026VN","1"
"LD_2512_N88AY.doc","LD-9018/07/2026VN","1"
"LD_2513_B652Q.doc","LD-9019/07/2026VN","1"
"LD_2514_VNA268.doc","LD-9020/07/2026VN","1"
"LD_2515_SAV298.doc","LD-2515/07/2026VN","1"
"LD_2516_HKC327.doc","LD-2516/07/2026VN","1"
"LD_2517_HVN.docx","LD-2517/7/2026VN","3"
"LD_2655_REV1_.docx","LD-2655/07/2026VN /REV1","1"
"LD_2747_CLX4731.docx","LD-2747/07/2026VN","1"
"LD_2749_N88AY.docx","LD-2749/07/2026VN","1"
"LD_2752_VJC.docx","LD-2752/7/2026VN","1"
"LD_2753_SAV298.docx","LD-2753/07/2026VN","1"
"LD_2755_HAI488.docx","LD-2755/07/2026VN","1"
"LD_2756_BSF979A.docx","LD-2756/07/2026VN","1"
"LD_2758_AIH.docx","LD-2758/7/2026VN","1"
"LD_2760_TBA.docx","LD-2760/7/2026VN","1"
"LD_2761_N707FH.doc","LD-2761/07/2026VN","1"
"LD_2762_MEDIC15.docx","LD-2762/07/2026VN","1"
"LD_2763_LTX1.docx","LD-2763/07/2026VN","1"
"LD_2765_HVN.docx","LD-2765/7/2026VN","3"
"LD_2767_VDA.doc","LD-2767/07/2026VN","1"
"LD_2773_VFC.docx","LD-2773/7/2026VN","1"
"LD_2774.docx","LD-2774/7/2026VN","1"
"LD_2775_VJC.docx","LD-2775/7/2026VN","1"
"LD_2777.docx","LD- 2777/7/2026VN","1"
"LD_2779.doc","LD-2779/07/2026VN","1"
"LD_2781_VDA.doc","LD-2781/07/2026VN","1"
"LD_2782_HAI.docx","LD-2782/07/2026VN","1"
"LD_2783_HAI.docx","LD-2783/07/2026VN","1"
"LD_2784_TBJ.doc","LD-2784/07/2026VN","1"
"LD_2785_KAR.docx","LD-2785/07/2026VN","1"
"LD_2786_NWS.docx","LD-2786/07/2026VN","1"
"LD_2787_SAV579.docx","LD-2787/07/2026VN","1"
"LD_2788_N55999.docx","LD-2788/07/2026VN","1"
"LD_2790_VAG.docx","LD-2790/07/2026VN","1"
"LD_2794.docx","LD- 2794/7/2026VN","1"
"LD_2797_CKS.doc","LD-2797/07/2026VN","1"
"LD_2799.doc","LD-2799/07/2026VN","1"
"LD_2807_FDX.doc","LD-2807/07/2026VN","1"
"LD_2808_AWC.doc","LD-2808/07/2026VN","1"
"LD_2809.docx","LD-2809/07/2026VN","1"
"LD_2814_VSV.docx","LD- 2814/7/2026VN","1"
"LD_2815_VSV.docx","LD- 2815/7/2026VN","1"
"LD_2823_VJC.docx","LD-2823/7/2026VN","1"
"LD_2824_KYE9521.doc","LD-2824/07/2026VN","1"
"LD_2825_GTI611.doc","LD-2825/07/2026VN","1"
"LD_2826.doc","LD-2826/07/2026VN","1"
"LD_2828_VFC.docx","LD-2828/7/2026VN","1"
"LD_2830_HVN.docx","LD-2830/7/2026VN","3"
"LD_2833_AZV.doc","LD-2833/07/2026VN","1"
"LD_2834_GTI.doc","LD-2834/07/2026VN","1"
"LD_2835-VJT503.doc","LD-2835/07/2026VN","1"
"LD_2836_TBJ67.doc","LD-2836/07/2026VN","1"
"LD_2837_SPQ.docx","LD-2837/07/2026VN","1"
"LD_2838-QTR.docx","LD-2838/06/2026VN","1"
"LD_2839-VPBMH.doc","LD-2839/07/2026VN","1"
"LD_2840-CKS4524.doc","LD-2840/07/2026VN","1"
"LD_2841_N77999.docx","LD-2841/07/2026VN","1"
"LD_2843_MYU.docx","LD-2843/7/2026VN","1"
"LD_2845_HVN7109.docx","LD-2845/7/2026VN","3"
"LD_2846_HVN.docx","LD-2846/7/2026VN","3"
"LD_2847_HVN384.docx","LD-2847/7/2026VN","3"
"OF_4669_RVS_2.docx","OF-4669/06/2026VN /REV2","1"
"OF_4690_RVS_1_VJT232.docx","OF-4690/06/2026VN /REV1","1"
"OF_4690_RVS_2.docx","OF-4690/06/2026VN /REV2","1"
"OF_4794_RCR3373.docx","OF-4794/7/2025VN","1"
"OF_4794_VQBOY.docx","OF-4794/07/2026VN","1"
"OF_4795_B65AP.docx","OF-4795/07/2026VN","1"
"OF_4795_VJT861.docx","OF-4795/7/2025VN","1"
"OF_4796_FDX9080.docx","OF-4796/07/2026VN","1"
"of_4813_rvs_1.docx","OF-4813/6/2026VN","1"
"OF_4840_RVS_1.docx","O/F-4840/07/2026VN/REV1","1"
"OF_4868_N111AP.docx","OF-4868/07/2026VN","1"
"OF_4869_TAY400.docx","OF-4869/07/2026VN","1"
"OF_4870_ABD4800.docx","OF-4870/07/2026VN","1"
"OF_4871.docx","OF-4871/07/2026VN","1"
"OF_4872_FDX.docx","OF-4872/07/2026VN","1"
"OF_4873_VPBFP.docx","OF-4873/07/2026VN","1"
"OF_4875.docx","OF-4875/07/2026VN","1"
"OF_4876.docx","OF-4876/07/2026VN","1"
"OF_4877.docx","OF-4877/07/2026VN","1"
"OF_4878.docx","OF-4878/07/2026VN","1"
"OF_4879.docx","OF-4879/07/2026VN","1"
"of_4880_KAL.docx","OF-4880/7/2026VN","1"
"OF_4881.docx","OF-4881/6/2026VN","1"
"OF_4882.docx","OF-4882/7/2026VN","1"
"OF_4883.docx","OF-4883/7/2026VN","1"
"OF_4884.docx","OF-4884/7/2026VN","1"
"OF_4885.docx","OF-4885/7/2026VN","1"
"OF_4886.docx","OF-4886/7/2026VN","1"
"OF_4887_N858KE.docx","OF-4887/7/2026VN","1"
"OF_4888.docx","OF-4888/7/2026VN","1"
"OF_4889.docx","OF-4889/7/2026VN","1"
"OF_4890.docx","OF-4890/6/2026VN","1"
"OF_4891.docx","OF-4891/7/2026VN","1"
"OF_4892_T7BOSS.docx","OF-4892/7/2026VN","1"
"OF_4893.docx","OF-4893/7/2026VN","1"
"OF_4894_HSDID.docx","OF-4894/7/2026VN","1"
"OF_4895_ABD3571.docx","OF-4895/07/2026VN","1"
"OF_4896_AIQ9701.docx","OF-4896/7/2026VN","1"
"OF_5307_V8OAS.docx","OF-5307/7/2026VN","1"
"OF_5343_VHPFA.docx","O/F-5343/07/2026VN","1"
"OF_5367_ADB390F.docx","OF-5367/07/2026VN","1"
"OF_5368_T7JUE.docx","OF-5368/07/2026VN","1"
"OF_5374_CQH.docx","OF-5374/7/2026VN","1"
"OF_5391_IGT1183.docx","OF-5391/07/2026VN","1"
"OF_5392_IGT1202.docx","OF-5392/07/2026VN","1"
"OF_5394_HGO.docx","OF-5394/07/2026VN","1"
"OF_5414_N1972.docx","OF-5414/07/2026VN","1"
"OF_5415_T7688NJ.docx","OF-5415/07/2026VN","1"
"OF_5419_BTN.docx","OF-5419/7/2026VN","1"
"OF_5420_AZG1922.docx","OF-5420/7/2026VN","1"
"OF_5421_MFX7632.docx","OF-5421/7/2026VN","1"
"OF_5425_KXP.docx","OF-5425/7/2026VN","1"
"OF_5426_T7TJ1.docx","OF-5426/7/2026VN","1"
"OF_5427_SIN.docx","OF-5427/7/2026VN","1"
"OF_5428_KMI001.docx","OF-5428/7/2026VN","1"
"OF_5429_APG.docx","OF-5429/7/2026VN","1"
"OF_5430_QQE.docx","O/F-5430/07/2026VN","1"
"OF_5433_GTI.docx","OF-5433/07/2026VN","1"
"OF_5434_GTI.docx","OF-5434/07/2026VN","1"
"OF_5435_GTI.docx","OF-5435/07/2026VN","1"
"OF_5436_VJT.docx","OF-5436/07/2026VN","1"
"OF_5438_IGT.docx","OF-5438/07/2026VN","1"
"OF_5441_TCJ02.docx","OF-5441/07/2026VN","1"
"OF_5442_N363JG.docx","OF-5442/07/2026VN","1"
"OF_5443_N6FE.docx","OF-5443/07/2026VN","1"
"OF_5446_B8309.docx","OF-5446/07/2026VN","1"
"OF_5447_ADZ9087.docx","OF-5447/07/2026VN","1"
"OF_5448_B3246.docx","OF-5448/7/2026VN","1"
"OF_5452_DASSY.docx","OF-5452/07/2026VN","1"
"OF_5453_VPCNP.docx","OF-5453/07/2026VN","1"
"OF_5454_MEDIC77.docx","O/F-5454/07/2026VN","1"
"OF_5477_N369WW.docx","OF-5477/07/2026VN","1"
"OF_5478_ABD.docx","OF-5478/07/2026VN","1"
"OF_5479_VQBOY.docx","OF-5479/07/2026VN","1"
"OF_5480_VJT.docx","OF-5480/07/2026VN","1"
"OF_5481_VJT.docx","OF-5481/07/2026VN","1"
"OF_5481_VJT_COR.docx","OF-5481/07/2026VN","1"
"OF_5482_N779LG.docx","OF-5482/7/2026VN","1"
"OF_5483_HGO.docx","OF-5483/07/2026VN","1"
"OF_5484_N212DD.docx","OF-5484/07/2026VN","1"
"OF_5485_N65WL.docx","OF-5485/07/2026VN","1"
"OF_5486_VJT.docx","OF-5486/07/2026VN","1"
"OF_5487_VJT.docx","OF-5487/07/2026VN","1"
"OF_5488_VPCNP.docx","OF-5488/07/2026VN","1"
"OF_5489_B16888.docx","OF-5489/07/2026VN","1"
"OF_5495_THY.docx","O/F-5495/07/2026VN","1"
"OF_5495_THY6314_COR_LAY.docx","O/F-5495/07/2026VN","1"
"OF_5496_P4JPB.docx","O/F-5496/07/2026VN","1"
"OF_5497_THY.docx","O/F-5497/07/2026VN","1"
"OF_5498_VHOFA.docx","O/F-5498/07/2026VN","1"
"OF_5499_T7Y8998.docx","O/F-5499/07/2026VN","1"
"OF_5500_QQE.docx","O/F-5500/07/2026VN","1"
"OF_5501_T7BOSS.docx","OF-5501/7/2026VN","1"
"QLB_158.docx","QLB-158/7/2026VN","1"
"QLB_161_VHULJ.docx","QLB-161/7/2026VN","1"
"quyngoxuan_20260731_174857_email_000_LD_2497_VJC.docx","LD-12498/7/2026VN","1"
"quyngoxuan_20260803_090332_email_quarantine_006_LD_2842_IGA.doc","LD-2842/07/2026VN","1"
"quyngoxuan_20260803_090333_email_008_LD_2856_VFC8068-.docx","LD2856/8/2026VN","1"
"quyngoxuan_20260803_090340_email_019_OF_5517-FDX9082.docx","OF-5518/08/2026VN","1"
"REV1_LD_2467_AZG.docx","LD- 2467/7/2026VN/REV1","1"
"tu1412000_20260731_172631_email_000_LD_2821_VJC.docx","LD-2821/7/2026VN","1"
"YEN_NHI.docx","","0"
